<?xml version='1.0'?>
<home version='7400' exportFlags='17' name='dzivoklis.sh3d' camera='topCamera' selectedLevel='level-f89f32ca-3a0f-466e-a2cf-e29946257472' wallHeight='250.0'>
  <environment groundColor='FF676767' skyColor='00CCE4FC' lightColor='00FFFFFF' allLevelsVisible='true'>
    <observerCamera attribute='cameraPath' id='observerCamera-3ed24fd0-55b5-4751-9862-255d42eeb38a' lens='PINHOLE' x='-208.21921' y='-318.96826' z='430.0' yaw='5.537787' pitch='0.20710167' fieldOfView='1.0995575' time='1753012800000' fixedSize='true'/>
    <observerCamera attribute='cameraPath' id='observerCamera-121fc5c4-762d-42e7-87bf-888098b243e9' lens='PINHOLE' x='1034.7827' y='908.65643' z='430.0' yaw='5.537787' pitch='0.20710167' fieldOfView='1.0995575' time='1753012800000' fixedSize='true'/>
    <observerCamera attribute='cameraPath' id='observerCamera-3fceb97c-15e1-4365-8713-32ffb46885ac' lens='PINHOLE' x='2067.6277' y='818.95526' z='430.0' yaw='5.537787' pitch='0.20710167' fieldOfView='1.0995575' time='1753012800000' fixedSize='true'/>
    <observerCamera attribute='cameraPath' id='observerCamera-526f9e2a-baae-4075-bd20-e4ddf38c31ce' lens='PINHOLE' x='2246.3892' y='1274.509' z='430.0' yaw='8.070853' pitch='0.20710167' fieldOfView='1.0995575' time='1753012800000' fixedSize='true'/>
    <texture attribute='groundTexture' name='download' width='1069.8196' height='500.0' scale='10.0' image='2'/>
    <texture attribute='skyTexture' name='optimal' width='12101.075' height='500.0' image='3'/>
  </environment>
  <observerCamera attribute='observerCamera' lens='PINHOLE' x='849.2766' y='680.2071' z='385.77826' yaw='-117.813866' pitch='0.11920366' fieldOfView='1.0995575' time='1753012800000' fixedSize='true'/>
  <camera attribute='topCamera' lens='PINHOLE' x='-906.44336' y='41.340576' z='506.91815' yaw='-585.5461' pitch='0.044999994' fieldOfView='1.0995575' time='1753012800000'/>
  <level id='level-8515d39b-c37d-498f-87d7-d275913d075c' name='Dzīvoklis' elevation='0.0' floorThickness='12.0' height='260.0' elevationIndex='0'/>
  <level id='level-e038d971-420b-4134-963b-0ccca74acd00' name='Jumts' elevation='258.0' floorThickness='12.0' height='260.0' elevationIndex='0'/>
  <level id='level-f89f32ca-3a0f-466e-a2cf-e29946257472' name='Mansards' elevation='260.0' floorThickness='12.0' height='235.0' elevationIndex='0'/>
  <level id='level-5327beb9-c506-4236-ab27-906d3b7459f0' name='Mezanīns' elevation='495.0' floorThickness='12.0' height='292.0' elevationIndex='0'/>
  <level id='level-75b91d50-9422-4512-88d3-309415a546e0' name='Level 4' elevation='757.0' floorThickness='12.0' height='250.0' elevationIndex='0'/>
  <doorOrWindow level='level-8515d39b-c37d-498f-87d7-d275913d075c' catalogId='eTeks#frontDoor' name='Front door' creator='eTeks' model='5' x='1363.6202' y='888.95874' angle='4.7031927' width='101.5' depth='38.334084' height='208.5' modelMirrored='true' modelSize='24179' movable='false' cutOutShape='M0,0 v1 h1 v-1 z' wallCutOutOnBothSides='true'/>
  <pieceOfFurniture level='level-8515d39b-c37d-498f-87d7-d275913d075c' catalogId='eTeks#fittedBath' name='Fitted bath' creator='eTeks' model='8' x='1287.0867' y='510.92413' angle='1.5707964' width='178.0' depth='77.0' height='72.0' modelRotation='0 0 -1 0 1 0 1 0 0' modelSize='87663' movable='false'/>
  <pieceOfFurniture level='level-8515d39b-c37d-498f-87d7-d275913d075c' catalogId='eTeks#toiletUnit' name='Toilet unit' creator='eTeks' model='10' x='1296.8597' y='756.9056' angle='1.5707964' width='40.0' depth='80.0' height='62.0' modelSize='125874' movable='false'/>
  <pieceOfFurniture level='level-8515d39b-c37d-498f-87d7-d275913d075c' catalogId='eTeks#washbasin' name='Washbasin' creator='eTeks' model='12' x='1213.1516' y='627.7998' angle='3.1415927' width='56.0' depth='47.0' height='97.0' modelSize='239991' movable='false'/>
  <pieceOfFurniture level='level-8515d39b-c37d-498f-87d7-d275913d075c' catalogId='eTeks#clothesWasher' name='Clothes washer' creator='eTeks' model='14' x='1124.6752' y='563.119' angle='4.712389' width='60.0' depth='63.0' height='85.0' modelSize='24815'/>
  <pieceOfFurniture level='level-8515d39b-c37d-498f-87d7-d275913d075c' catalogId='eTeks#clothesWasher' name='Clothes washer' creator='eTeks' model='14' x='1112.265' y='521.28284' angle='4.712389' width='60.0' depth='63.0' height='85.0' modelSize='24815'/>
  <pieceOfFurniture level='level-8515d39b-c37d-498f-87d7-d275913d075c' catalogId='eTeks#fridgeFreezer' name='Fridge &amp; Freezer' creator='eTeks' model='16' x='1132.0875' y='944.29565' angle='1.5707964' width='60.0' depth='66.0' height='185.0' modelSize='26363'/>
  <pieceOfFurniture level='level-8515d39b-c37d-498f-87d7-d275913d075c' catalogId='eTeks#bed140x190' name='Bed 140x190' creator='eTeks' model='18' x='613.6816' y='1126.4152' angle='3.1415927' width='158.0' depth='208.0' height='70.0' modelSize='11797'/>
  <shelfUnit level='level-8515d39b-c37d-498f-87d7-d275913d075c' catalogId='eTeks#bedsideTable' name='Bedside table' creator='eTeks' model='20' x='519.7516' y='1206.9734' angle='3.1415927' width='38.0' depth='38.0' height='50.0' modelSize='2243'/>
  <shelfUnit level='level-8515d39b-c37d-498f-87d7-d275913d075c' catalogId='eTeks#bedsideTable' name='Bedside table' creator='eTeks' model='20' x='715.7516' y='1211.7104' angle='3.1415927' width='38.0' depth='38.0' height='50.0' modelSize='2243'/>
  <pieceOfFurniture level='level-8515d39b-c37d-498f-87d7-d275913d075c' catalogId='eTeks#wardrobe' name='Wardrobe' creator='eTeks' model='22' x='791.9435' y='919.6315' angle='1.5707964' width='100.0' depth='54.0' height='165.0' modelSize='23218'/>
  <pieceOfFurniture level='level-8515d39b-c37d-498f-87d7-d275913d075c' catalogId='eTeks#wardrobe' name='Wardrobe' creator='eTeks' model='22' x='791.9435' y='1019.6315' angle='1.5707964' width='100.0' depth='54.0' height='165.0' modelSize='23218'/>
  <pieceOfFurniture level='level-8515d39b-c37d-498f-87d7-d275913d075c' catalogId='eTeks#dishwasher' name='Dishwasher' creator='eTeks' model='24' x='1132.5875' y='1004.29565' angle='1.5707964' width='60.0' depth='65.0' height='85.0' modelSize='7169'/>
  <doorOrWindow level='level-8515d39b-c37d-498f-87d7-d275913d075c' catalogId='eTeks#door' name='Door' creator='eTeks' model='26' x='1034.5939' y='618.5815' angle='4.712389' width='91.5' depth='19.334084' height='208.5' modelSize='14086' movable='false' cutOutShape='M0,0 v1 h1 v-1 z' wallCutOutOnBothSides='true'/>
  <doorOrWindow level='level-8515d39b-c37d-498f-87d7-d275913d075c' catalogId='eTeks#door' name='Door' creator='eTeks' model='26' x='1220.1764' y='819.1673' angle='1.7484555E-7' width='91.5' depth='58.25246' height='208.5' modelSize='14086' movable='false' cutOutShape='M0,0 v1 h1 v-1 z' wallCutOutOnBothSides='true'>
    <transformation name='sweethome3d_hinge_1' matrix='0.84777105 0 -0.672354 -0.043404017 0 1 0 0 0.41835737 0 0.84777105 0.17628342'/>
  </doorOrWindow>
  <pieceOfFurniture level='level-8515d39b-c37d-498f-87d7-d275913d075c' catalogId='eTeks#cooker' name='Cooker' creator='eTeks' model='28' x='859.9435' y='993.40356' angle='4.712389' width='60.0' depth='62.0' height='85.0' modelSize='42013'/>
  <pieceOfFurniture level='level-8515d39b-c37d-498f-87d7-d275913d075c' catalogId='eTeks#kitchenCabinet' name='Kitchen cabinet' creator='eTeks' model='30' x='1062.7242' y='1063.2418' angle='1.5707964' width='60.0' depth='64.0' height='85.0' modelSize='11366' movable='false'/>
  <pieceOfFurniture level='level-8515d39b-c37d-498f-87d7-d275913d075c' catalogId='eTeks#kitchenCabinet' name='Kitchen cabinet' creator='eTeks' model='30' x='1133.9441' y='1061.1824' angle='3.1415927' width='60.0' depth='64.0' height='85.0' modelSize='11366' movable='false'/>
  <pieceOfFurniture level='level-8515d39b-c37d-498f-87d7-d275913d075c' catalogId='eTeks#kitchenCabinet' name='Kitchen cabinet' creator='eTeks' model='30' x='858.9435' y='931.40356' angle='3.1415927' width='60.0' depth='64.0' height='85.0' modelSize='11366' movable='false'/>
  <pieceOfFurniture level='level-8515d39b-c37d-498f-87d7-d275913d075c' catalogId='eTeks#sink' name='Sink' creator='eTeks' model='32' x='975.203' y='1061.2975' angle='3.1415927' width='120.0' depth='64.0' height='105.700005' modelSize='41849' movable='false'/>
  <pieceOfFurniture level='level-8515d39b-c37d-498f-87d7-d275913d075c' catalogId='eTeks#kitchenCabinet' name='Kitchen cabinet' creator='eTeks' model='30' x='883.203' y='1058.4036' angle='4.712389' width='70.0' depth='64.0' height='85.0' modelSize='11366' movable='false'/>
  <doorOrWindow level='level-8515d39b-c37d-498f-87d7-d275913d075c' catalogId='eTeks#doubleWindow126x163' name='Double window' creator='eTeks' model='34' x='406.94293' y='774.0152' elevation='47.0' angle='1.5074947' width='132.0' depth='38.760754' height='174.0' shininess='0.5' modelSize='13650' movable='false' cutOutShape='M0,0 v1 h1 v-1 z' wallCutOutOnBothSides='true'/>
  <pieceOfFurniture level='level-8515d39b-c37d-498f-87d7-d275913d075c' catalogId='eTeks#fireplace' name='Fireplace' creator='eTeks' model='36' x='1054.0751' y='779.7891' angle='1.5707964' width='100.5' depth='85.0' height='250.0' modelSize='14508' movable='false'/>
  <pieceOfFurniture level='level-8515d39b-c37d-498f-87d7-d275913d075c' catalogId='eTeks#flatTV' name='Flat TV' creator='eTeks' model='38' x='536.20917' y='843.9413' angle='3.1415927' width='220.1856' depth='31.380367' height='102.3' modelSize='13041'/>
  <pieceOfFurniture level='level-8515d39b-c37d-498f-87d7-d275913d075c' catalogId='eTeks#table' name='Table' creator='eTeks' model='40' x='842.7031' y='740.2328' angle='4.712389' width='120.0' depth='75.0' height='74.0' modelSize='5486'/>
  <pieceOfFurniture level='level-8515d39b-c37d-498f-87d7-d275913d075c' catalogId='eTeks#washbasin' name='Washbasin' creator='eTeks' model='12' x='1130.0751' y='712.24615' angle='4.712389' width='56.0' depth='47.0' height='97.0' modelSize='239991' movable='false'/>
  <pieceOfFurniture level='level-8515d39b-c37d-498f-87d7-d275913d075c' catalogId='eTeks#coffeeTable' name='Coffee table' creator='eTeks' model='42' x='592.61536' y='644.6213' width='125.0' depth='46.0' height='40.0' modelSize='9814'/>
  <pieceOfFurniture level='level-8515d39b-c37d-498f-87d7-d275913d075c' catalogId='eTeks#chair' name='Chair' creator='eTeks' model='44' x='770.6172' y='708.92505' angle='4.712389' width='40.0' depth='42.0' height='90.0' modelSize='3025'/>
  <pieceOfFurniture level='level-8515d39b-c37d-498f-87d7-d275913d075c' catalogId='eTeks#chair' name='Chair' creator='eTeks' model='44' x='773.6483' y='769.2954' angle='4.712389' width='40.0' depth='42.0' height='90.0' modelSize='3025'/>
  <pieceOfFurniture level='level-8515d39b-c37d-498f-87d7-d275913d075c' catalogId='eTeks#chair' name='Chair' creator='eTeks' model='44' x='917.55615' y='711.20325' angle='1.5707964' width='40.0' depth='42.0' height='90.0' modelSize='3025'/>
  <pieceOfFurniture level='level-8515d39b-c37d-498f-87d7-d275913d075c' catalogId='eTeks#chair' name='Chair' creator='eTeks' model='44' x='922.11255' y='778.4079' angle='1.5707964' width='40.0' depth='42.0' height='90.0' modelSize='3025'/>
  <pieceOfFurniture level='level-f89f32ca-3a0f-466e-a2cf-e29946257472' catalogId='eTeks#toiletUnit' name='Toilet unit' creator='eTeks' model='10' x='1309.0859' y='759.4358' angle='1.5707964' width='40.0' depth='80.0' height='62.0' modelSize='125874' movable='false'/>
  <shelfUnit level='level-f89f32ca-3a0f-466e-a2cf-e29946257472' catalogId='eTeks#bedsideTable' name='Bedside table' creator='eTeks' model='20' x='525.76624' y='1183.1493' angle='3.1415927' width='38.0' depth='38.0' height='50.0' modelSize='2243'/>
  <shelfUnit level='level-f89f32ca-3a0f-466e-a2cf-e29946257472' catalogId='eTeks#bedsideTable' name='Bedside table' creator='eTeks' model='20' x='723.76624' y='1189.5372' angle='3.1415927' width='38.0' depth='38.0' height='50.0' modelSize='2243'/>
  <pieceOfFurniture level='level-f89f32ca-3a0f-466e-a2cf-e29946257472' catalogId='eTeks#wardrobe' name='Wardrobe' creator='eTeks' model='22' x='842.3001' y='973.2603' angle='1.5707964' width='170.0' depth='54.0' height='200.0' modelSize='23218'>
    <texture name='Ground026_8K-PNG_AmbientOcclusion' width='20.0' height='20.0' image='45'/>
  </pieceOfFurniture>
  <doorOrWindow level='level-f89f32ca-3a0f-466e-a2cf-e29946257472' catalogId='eTeks#doubleWindow126x163' name='Double window' creator='eTeks' model='34' x='430.2926' y='771.2438' elevation='70.0' angle='4.6411457' width='131.99992' depth='38.080753' height='160.0' shininess='0.5' modelSize='13650' movable='false' cutOutShape='M0,0 v1 h1 v-1 z' wallCutOutOnBothSides='true'>
    <texture name='delu_grida' width='20.0' height='12.3828125' image='46'/>
  </doorOrWindow>
  <pieceOfFurniture level='level-f89f32ca-3a0f-466e-a2cf-e29946257472' name='bedWithTexture' model='48/bedWithTexture.obj' x='624.76624' y='1105.7621' angle='3.1415927' width='160.0' depth='200.0' height='76.5' modelSize='1779850'/>
  <pieceOfFurniture level='level-f89f32ca-3a0f-466e-a2cf-e29946257472' name='bathtub_jet_system' model='50/bathtub_jet_system.obj' x='1309.4877' y='593.88226' angle='1.5707964' width='160.0' depth='70.0' height='58.0' shininess='0.5' modelSize='188672'/>
  <pieceOfFurniture level='level-8515d39b-c37d-498f-87d7-d275913d075c' catalogId='eTeks#texturableBox' name='Box' creator='eTeks' model='52/texturableBox.obj' x='720.2097' y='772.4492' elevation='240.0' angle='1.7484555E-7' width='15.0' depth='500.0' height='15.0' modelSize='1661'/>
  <pieceOfFurniture level='level-e038d971-420b-4134-963b-0ccca74acd00' name='Wood_Table' model='54/Wood_Table.obj' x='0.330026' y='0.330026' width='0.660052' depth='0.660052' height='0.466409' modelSize='44145'/>
  <pieceOfFurniture level='level-e038d971-420b-4134-963b-0ccca74acd00' name='untitled' model='56/untitled.obj' x='0.3379405' y='0.37180352' width='0.675881' depth='0.74360704' height='0.58228195' modelSize='1879'/>
  <pieceOfFurniture level='level-8515d39b-c37d-498f-87d7-d275913d075c' catalogId='eTeks#texturableBox' name='Box' creator='eTeks' model='52/texturableBox.obj' x='431.6975' y='547.4303' width='16.0' depth='16.0' height='235.0' modelSize='1661'>
    <texture name='Wooden floor' creator='eTeks' catalogId='eTeks#woodenFloor' width='42.5' height='42.5' image='57'/>
  </pieceOfFurniture>
  <pieceOfFurniture level='level-8515d39b-c37d-498f-87d7-d275913d075c' catalogId='eTeks#texturableBox' name='Box' creator='eTeks' model='52/texturableBox.obj' x='1004.2261' y='549.4958' width='16.0' depth='16.0' height='235.0' modelSize='1661'>
    <texture name='Old wooden floor' creator='eTeks' catalogId='eTeks#oldWoodenFloor' width='26.9' height='26.9' image='58'/>
  </pieceOfFurniture>
  <pieceOfFurniture level='level-8515d39b-c37d-498f-87d7-d275913d075c' catalogId='eTeks#texturableBox' name='Box' creator='eTeks' model='52/texturableBox.obj' x='843.19116' y='551.4591' width='16.0' depth='16.0' height='235.0' modelSize='1661'>
    <texture name='Wooden floor' creator='eTeks' catalogId='eTeks#woodenFloor' width='42.5' height='42.5' image='57'/>
  </pieceOfFurniture>
  <pieceOfFurniture level='level-8515d39b-c37d-498f-87d7-d275913d075c' catalogId='eTeks#texturableBox' name='Box' creator='eTeks' model='52/texturableBox.obj' x='1175.1598' y='549.5571' width='16.0' depth='16.0' height='235.0' modelSize='1661'>
    <texture name='Old wooden floor' creator='eTeks' catalogId='eTeks#oldWoodenFloor' width='26.9' height='26.9' image='58'/>
  </pieceOfFurniture>
  <pieceOfFurniture level='level-8515d39b-c37d-498f-87d7-d275913d075c' catalogId='eTeks#texturableBox' name='Box' creator='eTeks' model='52/texturableBox.obj' x='1183.0875' y='1021.3484' angle='4.712389' width='16.0' depth='16.0' height='235.0' modelSize='1661'>
    <texture name='Old wooden floor' creator='eTeks' catalogId='eTeks#oldWoodenFloor' width='26.9' height='26.9' image='58'/>
  </pieceOfFurniture>
  <pieceOfFurniture level='level-8515d39b-c37d-498f-87d7-d275913d075c' catalogId='eTeks#texturableBox' name='Box' creator='eTeks' model='52/texturableBox.obj' x='1020.62854' y='1015.09973' width='16.0' depth='16.0' height='235.0' modelSize='1661'>
    <texture name='Old wooden floor' creator='eTeks' catalogId='eTeks#oldWoodenFloor' width='26.9' height='26.9' image='58'/>
  </pieceOfFurniture>
  <pieceOfFurniture level='level-8515d39b-c37d-498f-87d7-d275913d075c' catalogId='eTeks#texturableBox' name='Box' creator='eTeks' model='52/texturableBox.obj' x='900.26526' y='1015.40356' width='16.0' depth='16.0' height='235.0' modelSize='1661'>
    <texture name='Old wooden floor' creator='eTeks' catalogId='eTeks#oldWoodenFloor' width='26.9' height='26.9' image='58'/>
  </pieceOfFurniture>
  <pieceOfFurniture level='level-8515d39b-c37d-498f-87d7-d275913d075c' catalogId='eTeks#texturableBox' name='Box' creator='eTeks' model='52/texturableBox.obj' x='456.784' y='996.1765' width='16.0' depth='16.0' height='235.0' modelSize='1661'>
    <texture name='Old wooden floor' creator='eTeks' catalogId='eTeks#oldWoodenFloor' width='26.9' height='26.9' image='58'/>
  </pieceOfFurniture>
  <pieceOfFurniture level='level-5327beb9-c506-4236-ab27-906d3b7459f0' name='what' model='60/what.obj' x='5.1513824' y='3.9907238' width='10.302765' depth='7.9814477' height='0.448556' modelSize='1041'/>
  <doorOrWindow level='level-8515d39b-c37d-498f-87d7-d275913d075c' catalogId='eTeks#door' name='Door' creator='eTeks' model='26' x='715.85144' y='861.2982' angle='3.1415927' width='91.5' depth='19.334084' height='208.5' modelSize='14086' movable='false' cutOutShape='M0,0 v1 h1 v-1 z' wallCutOutOnBothSides='true'/>
  <doorOrWindow level='level-f89f32ca-3a0f-466e-a2cf-e29946257472' catalogId='eTeks#door' name='Door' creator='eTeks' model='26' x='1373.0282' y='890.78265' angle='4.712389' width='91.5' depth='14.500751' height='208.5' modelSize='14086' movable='false' cutOutShape='M0,0 v1 h1 v-1 z' wallCutOutOnBothSides='true'/>
  <doorOrWindow level='level-f89f32ca-3a0f-466e-a2cf-e29946257472' catalogId='eTeks#door' name='Door' creator='eTeks' model='26' x='1373.0282' y='890.78265' angle='4.712389' width='91.5' depth='14.500751' height='208.5' modelSize='14086' movable='false' cutOutShape='M0,0 v1 h1 v-1 z' wallCutOutOnBothSides='true'/>
  <doorOrWindow level='level-f89f32ca-3a0f-466e-a2cf-e29946257472' name='romblogs' model='62/romblogs.obj' x='404.669' y='485.81122' elevation='68.0' angle='4.638801' width='85.0' depth='28.00075' height='85.0' shininess='0.5' modelSize='19328' movable='false' wallCutOutOnBothSides='true'>
    <texture name='delu_grida' width='20.0' height='12.3828125' image='46'/>
  </doorOrWindow>
  <doorOrWindow level='level-f89f32ca-3a0f-466e-a2cf-e29946257472' name='romblogs' model='62/romblogs.obj' x='446.89328' y='1079.3497' elevation='79.0' angle='1.5039743' width='85.0' depth='28.00075' height='85.0' shininess='0.5' modelSize='19328' movable='false' wallCutOutOnBothSides='true'>
    <texture name='delu_grida' width='20.0' height='12.3828125' image='46'/>
  </doorOrWindow>
  <pieceOfFurniture level='level-f89f32ca-3a0f-466e-a2cf-e29946257472' name='dart_game_obj' model='64/dart_game.obj' x='436.03934' y='595.20416' elevation='122.0' angle='4.6411457' width='80.0' depth='11.048672' height='80.0' modelSize='204855'/>
  <pieceOfFurniture level='level-f89f32ca-3a0f-466e-a2cf-e29946257472' name='samsung_tv_obj' model='66/samsung_tv.obj' x='555.71' y='847.9783' elevation='88.0' width='151.0' depth='51.85185' height='100.0' shininess='0.5' modelSize='19516'/>
  <pieceOfFurniture level='level-f89f32ca-3a0f-466e-a2cf-e29946257472' name='d17c33e85768290088741fbb6f355c04' model='68/Table%20LOFT%20Brutal%20N130624.3ds' x='553.7381' y='837.66266' angle='1.5707964' width='79.6083' depth='200.0' height='88.58847' modelSize='4063390'/>
  <pieceOfFurniture level='level-f89f32ca-3a0f-466e-a2cf-e29946257472' name='18ace0024d2ab946acad241fa8f46160' model='70/Washing%20Machine%20Samsung%20WF7602S8C%20N150311.3DS' x='1085.4261' y='424.5162' angle='3.1415927' width='60.826828' depth='60.0' height='84.9' shininess='0.5' modelSize='4468820'/>
  <pieceOfFurniture level='level-f89f32ca-3a0f-466e-a2cf-e29946257472' name='6e0c62d185a208ae5793091a9aa2a4f0' model='72/Tumble%20Dryer%20Gorenje%20N251023.3ds' x='1085.0127' y='484.45312' angle='4.712389' width='59.87383' depth='60.0' height='84.871635' shininess='0.5' modelSize='24586656'/>
  <pieceOfFurniture level='level-f89f32ca-3a0f-466e-a2cf-e29946257472' name='89c75d74bd12aba6e9f79a1a5c89c4bc' model='74/Wash-basin.3DS' x='0.15748031' y='0.09456841' width='0.31496063' depth='0.18913682' height='0.26308736' modelSize='3852991'/>
  <pieceOfFurniture level='level-f89f32ca-3a0f-466e-a2cf-e29946257472' name='Bathroom+sink' model='76/model.dae' x='1185.5986' y='642.88226' angle='3.1415927' width='109.0' widthInPlan='109.00003' depth='62.0' depthInPlan='62.000008' height='199.40001' modelFlags='2' shininess='0.5' modelSize='981089'/>
  <pieceOfFurniture level='level-f89f32ca-3a0f-466e-a2cf-e29946257472' name='JEE-O+slimline+shower+set+-+bronze' model='78/model.dae' x='1311.1824' y='643.304' angle='3.1415927' width='29.500011' depth='61.15647' height='224.0' modelFlags='2' modelSize='3055235'/>
  <pieceOfFurniture level='level-f89f32ca-3a0f-466e-a2cf-e29946257472' name='Fireplace+Mantle_3' model='80/model.dae' x='1116.6504' y='768.71045' width='72.6' depth='75.0' height='100.0' modelFlags='2' modelSize='1651245'/>
  <pieceOfFurniture level='level-f89f32ca-3a0f-466e-a2cf-e29946257472' name='skpfile' model='82/model.dae_2' x='1136.1802' y='768.05975' width='80.0' depth='80.0' height='600.0' modelFlags='2' modelSize='57912'/>
  <pieceOfFurniture level='level-f89f32ca-3a0f-466e-a2cf-e29946257472' catalogId='eTeks#slidingDoors' name='Sliding doors' creator='eTeks' model='84' x='1260.9596' y='803.68555' width='152.4' depth='7.62' height='234.0' modelSize='6835' movable='false'/>
  <pieceOfFurniture level='level-f89f32ca-3a0f-466e-a2cf-e29946257472' name='a8eda16461811c0b08f4d71217ae3950' model='86/Table/Table.3ds' x='566.4288' y='628.3744' angle='3.1415927' width='105.0' depth='45.0' height='45.0' modelSize='189466786'/>
  <doorOrWindow level='level-f89f32ca-3a0f-466e-a2cf-e29946257472' name='door10' model='88/model.dae' x='1050.0127' y='623.42883' angle='1.5707964' width='80.0' depth='10.00075' height='200.0' modelFlags='2' modelSize='1812844' movable='false' wallCutOutOnBothSides='true'/>
  <doorOrWindow level='level-f89f32ca-3a0f-466e-a2cf-e29946257472' name='door10' model='88/model.dae' x='750.5331' y='880.8681' angle='3.1415927' width='97.700005' depth='10.00075' height='186.1' modelFlags='2' modelSize='1812844' movable='false' wallCutOutOnBothSides='true'/>
  <pieceOfFurniture level='level-f89f32ca-3a0f-466e-a2cf-e29946257472' name='Group_12' model='90/model.dae' x='587.55414' y='510.71478' angle='1.5707964' width='97.68198' depth='250.0' height='84.23372' modelFlags='2' modelSize='1933896'/>
  <pieceOfFurniture level='level-f89f32ca-3a0f-466e-a2cf-e29946257472' name='77a727d36a19f661508ac3b06f4c3f1f' model='92/Curtain%205%20N231122/Curtain%205%20N231122.3ds' x='443.88586' y='765.60767' angle='4.6411457' width='200.0' depth='10.0' height='230.0' modelSize='69611079'/>
  <pieceOfFurniture level='level-f89f32ca-3a0f-466e-a2cf-e29946257472' name='c71a5984b54cd8d74d0d3274429655b9' model='94/Light%20Railing.3DS' x='1.0' y='0.0275' width='2.0' depth='0.055' height='1.0' modelSize='22516'/>
  <pieceOfFurniture level='level-5327beb9-c506-4236-ab27-906d3b7459f0' name='Setchup+railings' model='96/model.dae' x='716.697' y='741.45734' angle='1.5570834' width='270.0' depth='10.16' height='96.52' modelFlags='2' modelSize='36649'/>
  <pieceOfFurniture level='level-5327beb9-c506-4236-ab27-906d3b7459f0' name='BookShelf03' model='98/BookShelf03.obj' x='1336.642' y='788.65497' angle='1.5602365' width='171.8183' depth='32.5804' height='150.0' modelSize='11282876'/>
  <pieceOfFurniture level='level-5327beb9-c506-4236-ab27-906d3b7459f0' name='Group_761' model='100/model.dae' x='830.52216' y='708.25055' width='165.0' depth='60.000004' height='106.93001' modelFlags='2' modelSize='12388843'/>
  <pieceOfFurniture level='level-5327beb9-c506-4236-ab27-906d3b7459f0' name='desk+chair' model='102/model.dae' x='817.6738' y='754.7459' width='66.16304' depth='67.370346' height='100.0' modelFlags='2' modelSize='14274567'/>
  <pieceOfFurniture level='level-f89f32ca-3a0f-466e-a2cf-e29946257472' name='Corner Cabinet' creator='Keet' model='104/CornerLower.obj' x='936.72156' y='1037.2192' angle='3.1393638' width='115.0' depth='110.0' height='91.00001' modelSize='82646' description='&lt;b>(Dodecagon Kitchen 2)&lt;/b>'>
    <material name='Door'>
      <texture name='Beige tiles' creator='eTeks' catalogId='eTeks#wallBeigeTile' width='20.0' height='31.5' image='105'/>
    </material>
    <material name='Top'>
      <texture name='Marble' creator='eTeks' catalogId='eTeks#marbleWall' width='50.0' height='50.0' image='106'/>
    </material>
  </pieceOfFurniture>
  <pieceOfFurniture level='level-f89f32ca-3a0f-466e-a2cf-e29946257472' name='Slider Cabinet' creator='Keet' model='108/SliderCabinet.obj' x='914.33594' y='958.08746' angle='4.705964' width='60.0' depth='60.0' height='91.00001' modelSize='53955' description='&lt;b>(Dodecagon Kitchen 2)&lt;/b>'>
    <material name='Door'>
      <texture name='Beige tiles' creator='eTeks' catalogId='eTeks#wallBeigeTile' width='20.0' height='31.5' image='105'/>
    </material>
  </pieceOfFurniture>
  <pieceOfFurniture level='level-f89f32ca-3a0f-466e-a2cf-e29946257472' name='432b3f7ae3751a48f13380afcb6d2d09' model='110/Induction%20Cooktop%201.3DS' x='910.96014' y='955.08746' elevation='85.95679' angle='4.7076273' width='50.0' depth='60.0' height='6.3529444' shininess='0.5' modelSize='5659727'/>
  <pieceOfFurniture level='level-f89f32ca-3a0f-466e-a2cf-e29946257472' name='Cabinet 50 Sink' creator='Keet' model='112/Cabinet50Sink.obj' x='1019.0122' y='1062.7302' angle='3.1400132' width='50.0' depth='60.0' height='131.6' modelSize='299802' description='&lt;b>(Dodecagon Kitchen 2)&lt;/b>'>
    <material name='Door'>
      <texture name='Beige tiles' creator='eTeks' catalogId='eTeks#wallBeigeTile' width='20.0' height='31.5' image='105'/>
    </material>
    <material name='Drawer'>
      <texture name='Beige tiles' creator='eTeks' catalogId='eTeks#wallBeigeTile' width='20.0' height='31.5' image='105'/>
    </material>
    <material name='Top'>
      <texture name='Marble' creator='eTeks' catalogId='eTeks#marbleWall' width='50.0' height='50.0' image='106'/>
    </material>
  </pieceOfFurniture>
  <pieceOfFurniture level='level-f89f32ca-3a0f-466e-a2cf-e29946257472' name='Cabinet 40 Drawers' creator='Keet' model='114/Cabinet40Drawers.obj' x='1065.0884' y='1063.9763' angle='3.1329103' width='40.0' depth='60.0' height='91.0' modelSize='88138' description='&lt;b>(Dodecagon Kitchen 2)&lt;/b>'>
    <material name='Back'>
      <texture name='Marble' creator='eTeks' catalogId='eTeks#marbleWall' width='50.0' height='50.0' image='106'/>
    </material>
    <material name='Drawer'>
      <texture name='Beige tiles' creator='eTeks' catalogId='eTeks#wallBeigeTile' width='20.0' height='31.5' image='105'/>
    </material>
    <material name='Top'>
      <texture name='Marble' creator='eTeks' catalogId='eTeks#marbleWall' width='50.0' height='50.0' image='106'/>
    </material>
  </pieceOfFurniture>
  <pieceOfFurniture level='level-f89f32ca-3a0f-466e-a2cf-e29946257472' name='Dishwasher' creator='Keet' model='116/Dishwasher2.obj' x='1156.061' y='1009.1634' angle='1.5644547' width='55.0' depth='55.0' height='91.0' modelSize='878141' description='&lt;b>(Dodecagon Kitchen 2)&lt;/b>'>
    <material name='Door'>
      <texture name='Beige tiles' creator='eTeks' catalogId='eTeks#wallBeigeTile' width='20.0' height='31.5' image='105'/>
    </material>
    <material name='Top'>
      <texture name='Marble' creator='eTeks' catalogId='eTeks#marbleWall' width='50.0' height='50.0' image='106'/>
    </material>
  </pieceOfFurniture>
  <pieceOfFurniture level='level-f89f32ca-3a0f-466e-a2cf-e29946257472' catalogId='eTeks#fridgeFreezer' name='Fridge &amp; Freezer' creator='eTeks' model='16' x='1157.1521' y='953.1248' angle='1.5666184' width='59.69' depth='55.0' height='185.42' color='FF7C7C7C' shininess='0.5' modelSize='26363'/>
  <pieceOfFurniture level='level-f89f32ca-3a0f-466e-a2cf-e29946257472' name='Cabinet 80 D' creator='Keet' model='118/Cabinet80D.obj' x='1134.9185' y='1065.2219' angle='3.1378524' width='100.0' depth='60.0' height='91.0' modelSize='54578' description='&lt;b>(Dodecagon Kitchen 2)&lt;/b>'>
    <material name='Door'>
      <texture name='Beige tiles' creator='eTeks' catalogId='eTeks#wallBeigeTile' width='20.0' height='31.5' image='105'/>
    </material>
    <material name='Top'>
      <texture name='Marble' creator='eTeks' catalogId='eTeks#marbleWall' width='50.0' height='50.0' image='106'/>
    </material>
  </pieceOfFurniture>
  <pieceOfFurniture level='level-f89f32ca-3a0f-466e-a2cf-e29946257472' name='Cabinet 100 Wheelchair' creator='Keet' model='120/Cabinet100Wheelchair.obj' x='949.33545' y='879.35223' angle='3.1275966' width='140.0' depth='40.0' height='91.0' modelSize='13668' description='&lt;b>(Dodecagon Kitchen 2)&lt;/b>'>
    <material name='Back' shininess='0.890625'/>
    <material name='Border' color='FFCBCBCB'/>
    <material name='Frame' color='FFFFFFFF'/>
    <material name='Front'>
      <texture name='Beige tiles' creator='eTeks' catalogId='eTeks#wallBeigeTile' width='20.0' height='31.5' image='105'/>
    </material>
    <material name='Top'>
      <texture name='Marble' creator='eTeks' catalogId='eTeks#marbleWall' width='50.0' height='50.0' image='106'/>
    </material>
  </pieceOfFurniture>
  <pieceOfFurniture level='level-f89f32ca-3a0f-466e-a2cf-e29946257472' name='Cabinet 30 D' creator='Keet' model='122/Cabinet30D.obj' x='911.844' y='915.7321' angle='4.699224' width='30.0' depth='66.0' height='91.0' modelSize='30680' description='&lt;b>(Dodecagon Kitchen 2)&lt;/b>'>
    <material name='Door'>
      <texture name='Beige tiles' creator='eTeks' catalogId='eTeks#wallBeigeTile' width='20.0' height='31.5' image='105'/>
    </material>
    <material name='Top'>
      <texture name='Marble' creator='eTeks' catalogId='eTeks#marbleWall' width='50.0' height='50.0' image='106'/>
    </material>
  </pieceOfFurniture>
  <pieceOfFurniture level='level-f89f32ca-3a0f-466e-a2cf-e29946257472' name='Stairs+2022' model='124/model.dae' x='1077.8494' y='769.6204' angle='3.1415927' width='60.000004' depth='110.49998' height='224.4' modelFlags='2' modelSize='857447' movable='false' staircaseCutOutShape='M0,0 v1 h1 v-1 z'/>
  <pieceOfFurniture level='level-e038d971-420b-4134-963b-0ccca74acd00' name='jumts5' model='126/jumts5.obj' x='866.4272' y='552.0047' angle='3.1391244' pitch='5.5152407' width='1005.36865' depth='697.2719' depthInPlan='518.942' height='25.0' heightInPlan='502.34915' modelSize='972'>
    <texture name='clay_roof_tiles_03_diff_4k' width='20.0' height='20.0' scale='7.0' image='127'/>
  </pieceOfFurniture>
  <pieceOfFurniture level='level-e038d971-420b-4134-963b-0ccca74acd00' name='jumts5' model='126/jumts5.obj' x='870.1234' y='1024.4446' elevation='3.0058594' angle='3.1391244' pitch='3.8920841' width='1000.0' depth='697.2719' depthInPlan='527.0024' height='25.0' heightInPlan='493.82208' modelSize='972'>
    <texture name='clay_roof_tiles_03_diff_4k' width='20.0' height='20.0' scale='7.0' image='127'/>
  </pieceOfFurniture>
  <pieceOfFurniture level='level-f89f32ca-3a0f-466e-a2cf-e29946257472' catalogId='eTeks#texturableBox' name='Box' creator='eTeks' model='52/texturableBox.obj' x='431.6975' y='547.4303' width='16.0' depth='16.0' height='235.0' modelSize='1661'>
    <texture name='Wooden floor' creator='eTeks' catalogId='eTeks#woodenFloor' width='42.5' height='42.5' image='57'/>
  </pieceOfFurniture>
  <pieceOfFurniture level='level-f89f32ca-3a0f-466e-a2cf-e29946257472' catalogId='eTeks#texturableBox' name='Box' creator='eTeks' model='52/texturableBox.obj' x='897.2975' y='549.9561' width='16.0' depth='16.0' height='235.0' modelSize='1661'>
    <texture name='Wooden floor' creator='eTeks' catalogId='eTeks#woodenFloor' width='42.5' height='42.5' image='57'/>
  </pieceOfFurniture>
  <pieceOfFurniture level='level-f89f32ca-3a0f-466e-a2cf-e29946257472' catalogId='eTeks#texturableBox' name='Box' creator='eTeks' model='52/texturableBox.obj' x='1037.0127' y='552.5017' width='16.0' depth='16.0' height='235.0' modelSize='1661'>
    <texture name='Old wooden floor' creator='eTeks' catalogId='eTeks#oldWoodenFloor' width='26.9' height='26.9' image='58'/>
  </pieceOfFurniture>
  <pieceOfFurniture level='level-f89f32ca-3a0f-466e-a2cf-e29946257472' catalogId='eTeks#texturableBox' name='Box' creator='eTeks' model='52/texturableBox.obj' x='1181.1715' y='551.06006' width='16.0' depth='16.0' height='235.0' modelSize='1661'>
    <texture name='Old wooden floor' creator='eTeks' catalogId='eTeks#oldWoodenFloor' width='26.9' height='26.9' image='58'/>
  </pieceOfFurniture>
  <pieceOfFurniture level='level-f89f32ca-3a0f-466e-a2cf-e29946257472' catalogId='eTeks#texturableBox' name='Box' creator='eTeks' model='52/texturableBox.obj' x='473.31647' y='1032.2474' width='16.0' depth='16.0' height='235.0' modelSize='1661'>
    <texture name='wooden-warm-texture' width='20.0' height='12.900452' angle='4.712389' scale='0.5' image='128'/>
  </pieceOfFurniture>
  <pieceOfFurniture level='level-f89f32ca-3a0f-466e-a2cf-e29946257472' catalogId='eTeks#texturableBox' name='Box' creator='eTeks' model='52/texturableBox.obj' x='933.27026' y='1041.9021' width='16.0' depth='16.0' height='235.0' modelSize='1661'>
    <texture name='Old wooden floor' creator='eTeks' catalogId='eTeks#oldWoodenFloor' width='26.9' height='26.9' image='58'/>
  </pieceOfFurniture>
  <pieceOfFurniture level='level-f89f32ca-3a0f-466e-a2cf-e29946257472' catalogId='eTeks#texturableBox' name='Box' creator='eTeks' model='52/texturableBox.obj' x='1093.1985' y='1049.7672' width='16.0' depth='16.0' height='235.0' modelSize='1661'>
    <texture name='Old wooden floor' creator='eTeks' catalogId='eTeks#oldWoodenFloor' width='26.9' height='26.9' image='58'/>
  </pieceOfFurniture>
  <pieceOfFurniture level='level-f89f32ca-3a0f-466e-a2cf-e29946257472' catalogId='eTeks#texturableBox' name='Box' creator='eTeks' model='52/texturableBox.obj' x='1202.6261' y='1043.8927' angle='4.712389' width='16.0' depth='16.0' height='235.0' modelSize='1661'>
    <texture name='Old wooden floor' creator='eTeks' catalogId='eTeks#oldWoodenFloor' width='26.9' height='26.9' image='58'/>
  </pieceOfFurniture>
  <pieceOfFurniture level='level-f89f32ca-3a0f-466e-a2cf-e29946257472' catalogId='eTeks#texturableBox' name='Box' creator='eTeks' model='52/texturableBox.obj' x='777.0613' y='1042.9248' width='16.0' depth='16.0' height='235.0' modelSize='1661'>
    <texture name='Wooden floor' creator='eTeks' catalogId='eTeks#woodenFloor' width='42.5' height='42.5' image='57'/>
  </pieceOfFurniture>
  <pieceOfFurniture level='level-f89f32ca-3a0f-466e-a2cf-e29946257472' catalogId='eTeks#texturableBox' name='Box' creator='eTeks' model='52/texturableBox.obj' x='750.4696' y='549.66626' width='16.0' depth='16.0' height='235.0' modelSize='1661'>
    <texture name='Wooden floor' creator='eTeks' catalogId='eTeks#woodenFloor' width='42.5' height='42.5' image='57'/>
  </pieceOfFurniture>
  <pieceOfFurniture level='level-f89f32ca-3a0f-466e-a2cf-e29946257472' name='mezanins_grida' model='130/mezanins_grida.obj' x='1034.7766' y='810.87866' elevation='222.0' width='647.7592' depth='422.40045' height='12.0' color='FFCBCBCB' modelSize='30442'/>
  <furnitureGroup level='level-f89f32ca-3a0f-466e-a2cf-e29946257472' name='Group -2-' x='518.0305' y='796.447' elevation='238.00592' angle='1.5676636' width='501.24573' depth='294.2998' height='261.09988' modelMirrored='true'>
    <pieceOfFurniture level='level-f89f32ca-3a0f-466e-a2cf-e29946257472' name='Triangle' creator='eTeks' model='132/triangle.obj' x='528.0945' y='913.3415' elevation='241.01184' angle='1.4978504' pitch='0.7853982' width='250.0' depth='25.0' depthInPlan='258.094' height='340.0' heightInPlan='258.09396' modelSize='1438'>
      <texture name='clay_roof_tiles_03_diff_4k' width='20.0' height='20.0' scale='7.0' image='127'/>
    </pieceOfFurniture>
    <pieceOfFurniture level='level-f89f32ca-3a0f-466e-a2cf-e29946257472' name='Triangle' creator='eTeks' model='132/triangle.obj' x='507.61163' y='674.6953' elevation='238.00592' angle='1.4978504' pitch='0.7853982' width='240.2597' depth='25.0' depthInPlan='258.094' height='340.0' heightInPlan='258.09396' modelMirrored='true' modelSize='1438'>
      <texture name='clay_roof_tiles_03_diff_4k' width='20.0' height='20.0' scale='7.0' image='127'/>
    </pieceOfFurniture>
  </furnitureGroup>
  <pieceOfFurniture level='level-e038d971-420b-4134-963b-0ccca74acd00' name='jumts5' model='126/jumts5.obj' x='863.8829' y='568.9988' elevation='20.0' angle='3.1391244' pitch='5.5152407' width='1005.36865' depth='650.0' depthInPlan='471.04428' height='5.0' heightInPlan='455.12454' color='FFF9F9F9' modelSize='972'/>
  <pieceOfFurniture level='level-e038d971-420b-4134-963b-0ccca74acd00' name='jumts5' model='126/jumts5.obj' x='849.5436' y='1036.9298' angle='3.1391244' pitch='3.8920841' width='950.0' depth='650.0' depthInPlan='478.78995' height='5.0' heightInPlan='446.95566' color='FFEEEEEE' modelSize='972'/>
  <furnitureGroup level='level-f89f32ca-3a0f-466e-a2cf-e29946257472' name='Group -2-' x='517.55237' y='789.5567' elevation='245.52063' angle='1.5676636' width='499.6306' depth='249.9631' height='215.66754' modelMirrored='true'>
    <pieceOfFurniture level='level-f89f32ca-3a0f-466e-a2cf-e29946257472' name='Triangle' creator='eTeks' model='132/triangle.obj' x='526.6117' y='907.1266' elevation='245.52063' angle='1.4978504' pitch='0.7853982' width='250.0' depth='5.0' depthInPlan='215.66757' height='300.0' heightInPlan='215.66756' color='FFCBCBCB' modelSize='1438'/>
    <pieceOfFurniture level='level-f89f32ca-3a0f-466e-a2cf-e29946257472' name='Triangle' creator='eTeks' model='132/triangle.obj' x='508.13824' y='667.1296' elevation='245.52063' angle='1.4978504' pitch='0.7853982' width='240.2597' depth='5.0' depthInPlan='215.66757' height='300.0' heightInPlan='215.66756' modelMirrored='true' color='FFCBCBCB' modelSize='1438'/>
  </furnitureGroup>
  <pieceOfFurniture level='level-f89f32ca-3a0f-466e-a2cf-e29946257472' name='Chandelier2' model='134/model.dae' x='657.72766' y='769.24396' elevation='213.0' width='62.5' depth='70.200005' height='250.0' modelFlags='2' modelSize='12003172'/>
  <pieceOfFurniture level='level-f89f32ca-3a0f-466e-a2cf-e29946257472' name='Poltrona+pouf' model='136/model.dae' x='820.05066' y='396.68994' width='122.57593' depth='123.31372' height='58.58192' modelFlags='2' modelSize='8025244'/>
  <pieceOfFurniture level='level-f89f32ca-3a0f-466e-a2cf-e29946257472' name='Poltrona+pouf' model='136/model.dae' x='983.3627' y='421.20947' angle='1.5707964' width='122.6' depth='123.3' height='58.600002' modelFlags='2' modelSize='8025244'/>
  <pieceOfFurniture level='level-5327beb9-c506-4236-ab27-906d3b7459f0' name='07' model='138/model.dae' x='1248.8608' y='696.68787' width='96.5' depth='96.5' height='36.4' modelFlags='2' modelSize='4866016'/>
  <pieceOfFurniture level='level-5327beb9-c506-4236-ab27-906d3b7459f0' name='07' model='138/model.dae' x='1240.3047' y='951.1486' width='96.5' depth='96.5' height='36.4' modelFlags='2' modelSize='4866016'/>
  <wall id='wall-caeade34-91ff-4dfa-97ec-6fc3bff898c9' level='level-8515d39b-c37d-498f-87d7-d275913d075c' wallAtEnd='wall-74d7d0da-bcbf-4d2e-979c-11a8d6b1c533' xStart='440.10083' yStart='1250.7584' xEnd='1362.7351' yEnd='1245.8079' height='265.0' thickness='48.0' pattern='hatchUp'>
    <texture attribute='leftSideTexture' name='Stone' creator='eTeks' catalogId='eTeks#stone2Wall' width='64.8' height='40.0' scale='5.0' image='140'/>
    <texture attribute='rightSideTexture' name='planks_brown_10_diff_4k' width='20.0' height='20.0' scale='4.0' image='141'/>
  </wall>
  <wall id='wall-74d7d0da-bcbf-4d2e-979c-11a8d6b1c533' level='level-8515d39b-c37d-498f-87d7-d275913d075c' wallAtStart='wall-caeade34-91ff-4dfa-97ec-6fc3bff898c9' xStart='1362.7351' yStart='1245.8079' xEnd='1354.4945' yEnd='349.7481' height='250.0' thickness='30.0' pattern='hatchUp'>
    <texture attribute='leftSideTexture' name='planks_brown_10_diff_4k' width='20.0' height='20.0' scale='4.0' image='141'/>
    <texture attribute='rightSideTexture' name='planks_brown_10_diff_4k' width='20.0' height='20.0' scale='4.0' image='141'/>
  </wall>
  <wall id='wall-8de3501e-6d81-4f63-bc9c-ece949bdf745' level='level-8515d39b-c37d-498f-87d7-d275913d075c' xStart='1338.5784' yStart='324.72644' xEnd='388.57837' yEnd='324.72644' height='250.0' thickness='48.0' pattern='hatchUp'>
    <texture attribute='rightSideTexture' name='planks_brown_10_diff_4k' width='20.0' height='20.0' scale='4.0' image='141'/>
  </wall>
  <wall id='wall-a329a4e6-d08e-438b-8569-7c53047970b7' level='level-8515d39b-c37d-498f-87d7-d275913d075c' xStart='1031.2606' yStart='353.35614' xEnd='1031.2606' yEnd='684.3565' height='255.0' thickness='10.0' pattern='hatchUp'/>
  <wall id='wall-e0e1b10d-48fb-440d-a567-5c5da9aea8cb' level='level-8515d39b-c37d-498f-87d7-d275913d075c' xStart='1339.9578' yStart='678.6944' xEnd='1037.9578' yEnd='678.6944' height='255.0' thickness='10.0' pattern='hatchUp'/>
  <wall id='wall-5200eaa3-d700-4b0a-a2fb-36ae336c92ce' level='level-8515d39b-c37d-498f-87d7-d275913d075c' xStart='1101.5751' yStart='709.4407' xEnd='1101.5751' yEnd='780.4407' height='235.0' thickness='10.0' pattern='hatchUp'/>
  <wall id='wall-d7c57f7c-846a-48c2-9f9c-19962a02e6ef' level='level-8515d39b-c37d-498f-87d7-d275913d075c' xStart='1343.8252' yStart='796.1013' xEnd='1264.8252' yEnd='796.1013' height='260.0' thickness='10.0' pattern='hatchUp'/>
  <wall id='wall-e8edc8dd-2b5a-4482-8d03-b37df8dd8de9' level='level-8515d39b-c37d-498f-87d7-d275913d075c' wallAtEnd='wall-521e183c-f336-4ae9-a1f8-b0fdabe4f837' xStart='1170.0875' yStart='913.87555' xEnd='1170.0875' yEnd='1098.8755' height='259.0' thickness='10.0' pattern='hatchUp'/>
  <wall id='wall-521e183c-f336-4ae9-a1f8-b0fdabe4f837' level='level-8515d39b-c37d-498f-87d7-d275913d075c' wallAtStart='wall-e8edc8dd-2b5a-4482-8d03-b37df8dd8de9' wallAtEnd='wall-a2fbb677-e602-407c-9316-a28282a13c5a' xStart='1170.0875' yStart='1098.8755' xEnd='823.9435' yEnd='1098.4863' height='260.0' thickness='10.0' pattern='hatchUp'/>
  <wall id='wall-a2fbb677-e602-407c-9316-a28282a13c5a' level='level-8515d39b-c37d-498f-87d7-d275913d075c' wallAtStart='wall-521e183c-f336-4ae9-a1f8-b0fdabe4f837' xStart='823.9435' yStart='1098.4863' xEnd='823.9435' yEnd='871.5037' height='260.0' thickness='10.0' pattern='hatchUp'/>
  <wall id='wall-008f0387-fac4-470b-be95-90d08f0fabcb' level='level-8515d39b-c37d-498f-87d7-d275913d075c' xStart='823.9435' yStart='1098.4863' xEnd='823.9435' yEnd='1224.4863' height='250.0' thickness='10.0' pattern='hatchUp'/>
  <wall id='wall-b6c953f2-fd17-451e-be3e-17f6497a45fa' level='level-8515d39b-c37d-498f-87d7-d275913d075c' xStart='828.6505' yStart='864.6315' xEnd='422.6505' yEnd='864.6315' height='255.0' thickness='10.0' pattern='hatchUp'/>
  <wall id='wall-5f1bd18f-6e42-4874-9463-f0a6137b78eb' level='level-8515d39b-c37d-498f-87d7-d275913d075c' xStart='393.39575' yStart='336.9284' xEnd='450.55005' yEnd='1238.6106' height='260.0' thickness='28.5' pattern='hatchUp'>
    <texture attribute='leftSideTexture' name='Stone' creator='eTeks' catalogId='eTeks#stone2Wall' width='64.8' height='40.0' scale='5.0' image='140'/>
    <texture attribute='rightSideTexture' name='planks_brown_10_diff_4k' width='20.0' height='20.0' scale='5.0' image='141'/>
  </wall>
  <wall id='wall-34af03a9-b147-4e6f-a061-068f700434db' level='level-8515d39b-c37d-498f-87d7-d275913d075c' xStart='1101.5751' yStart='831.44696' xEnd='1101.5751' yEnd='780.4407' height='250.0' thickness='7.5' pattern='hatchUp'/>
  <wall id='wall-5aed54dd-da01-4e2c-adb0-05d2e158bf37' level='level-f89f32ca-3a0f-466e-a2cf-e29946257472' xStart='1050.0127' yStart='349.7481' xEnd='1050.0127' yEnd='683.9627' height='50.0' heightAtEnd='330.0' thickness='10.0' pattern='hatchUp' topColor='FFCBCBCB' leftSideShininess='0.25' rightSideShininess='0.25'>
    <texture attribute='leftSideTexture' name='Beige tiles' creator='eTeks' width='20.0' height='31.5' scale='5.0' image='105'/>
    <texture attribute='rightSideTexture' name='Ground044_1K-PNG_AmbientOcclusion' width='20.0' height='20.0' scale='5.0' image='142'/>
  </wall>
  <wall id='wall-18641605-0207-45f0-967b-98885e77d296' level='level-f89f32ca-3a0f-466e-a2cf-e29946257472' xStart='1349.6941' yStart='803.1904' xEnd='1270.6941' yEnd='803.1904' height='234.0' thickness='10.0' pattern='hatchUp'>
    <texture attribute='leftSideTexture' name='Ground026_8K-PNG_Color' width='20.0' height='20.0' scale='5.35' image='143'/>
    <texture attribute='rightSideTexture' name='Ground026_8K-PNG_Color' width='20.0' height='20.0' scale='5.35' image='143'/>
  </wall>
  <wall id='wall-94eaa43c-10c6-4264-8b24-d2f14fd84372' level='level-f89f32ca-3a0f-466e-a2cf-e29946257472' wallAtStart='wall-17d5dde5-a08f-454d-8f3f-6f048f8cb7d0' wallAtEnd='wall-87094b61-5738-4be5-a161-fbf834de588b' xStart='1190.0803' yStart='1095.4111' xEnd='874.08026' yEnd='1095.4111' height='170.0' thickness='10.0' pattern='hatchUp'>
    <texture attribute='leftSideTexture' name='Rock004' width='300.0' height='295.82504' scale='0.5' image='144'/>
    <texture attribute='rightSideTexture' name='Rock004' width='300.0' height='295.82504' scale='0.5' image='144'/>
  </wall>
  <wall id='wall-87094b61-5738-4be5-a161-fbf834de588b' level='level-f89f32ca-3a0f-466e-a2cf-e29946257472' wallAtStart='wall-94eaa43c-10c6-4264-8b24-d2f14fd84372' xStart='874.08026' yStart='1095.4111' xEnd='875.38275' yEnd='875.4149' height='190.0' heightAtEnd='390.0' thickness='10.0' pattern='hatchUp'>
    <texture attribute='leftSideTexture' name='Rock004' width='300.0' height='295.82504' scale='0.5' image='144'/>
    <texture attribute='rightSideTexture' name='Rock004' width='300.0' height='295.82504' scale='0.5' image='144'/>
  </wall>
  <wall id='wall-02a746b1-1808-49d0-875d-ae054e9cfceb' level='level-f89f32ca-3a0f-466e-a2cf-e29946257472' xStart='873.90784' yStart='1101.2557' xEnd='873.90784' yEnd='1231.2557' height='190.0' heightAtEnd='50.0' thickness='10.0' pattern='hatchUp'>
    <texture attribute='leftSideTexture' name='Ground026_8K-PNG_Color' width='20.0' height='20.0' scale='5.35' image='143'/>
    <texture attribute='rightSideTexture' name='Ground026_8K-PNG_Color' width='20.0' height='20.0' scale='2.0' image='143'/>
  </wall>
  <wall id='wall-65f48cba-1e8e-4861-90de-49585057ff5c' level='level-f89f32ca-3a0f-466e-a2cf-e29946257472' xStart='1354.9199' yStart='678.88226' xEnd='1053.9199' yEnd='678.88226' height='234.0' thickness='10.0' pattern='hatchUp' leftSideShininess='0.25' rightSideShininess='0.25'>
    <texture attribute='leftSideTexture' name='Ground026_8K-PNG_Color' width='20.0' height='20.0' scale='5.0' image='143'/>
    <texture attribute='rightSideTexture' name='Ground026_8K-PNG_Color' width='20.0' height='20.0' scale='5.0' image='143'/>
  </wall>
  <wall id='wall-653c3dc7-3771-4bea-9764-bd49c3c5dc4c' level='level-f89f32ca-3a0f-466e-a2cf-e29946257472' xStart='441.69928' yStart='1001.7362' xEnd='457.45755' yEnd='1237.2095' height='240.0' heightAtEnd='50.0' thickness='28.0' pattern='hatchUp' leftSideShininess='0.25'>
    <texture attribute='leftSideTexture' name='Ground026_8K-PNG_Color' width='20.0' height='20.0' scale='5.0' image='143'/>
    <texture attribute='rightSideTexture' name='planks_brown_10_diff_4k' width='20.0' height='20.0' scale='4.0' image='141'/>
  </wall>
  <wall id='wall-880234ec-a9fc-4dbf-8478-faaa929b466d' level='level-f89f32ca-3a0f-466e-a2cf-e29946257472' wallAtStart='wall-097bf687-c45a-41e6-a46a-30573bb2e772' xStart='410.9607' yStart='571.15625' xEnd='393.55228' yEnd='335.01672' height='240.0' heightAtEnd='50.0' thickness='28.0' pattern='hatchUp'>
    <texture attribute='leftSideTexture' name='planks_brown_10_diff_4k' width='20.0' height='20.0' scale='4.0' image='141'/>
    <texture attribute='rightSideTexture' name='wp00748' width='250.0' height='166.66669' scale='2.0' image='146'/>
  </wall>
  <wall id='wall-43dabf94-133f-44d5-8e08-58ed8405afb3' level='level-f89f32ca-3a0f-466e-a2cf-e29946257472' xStart='1111.6196' yStart='682.7481' xEnd='1111.6882' yEnd='737.30585' height='234.0' thickness='7.62' pattern='hatchUp' leftSideShininess='0.25' rightSideShininess='0.25'>
    <texture attribute='leftSideTexture' name='Ground026_8K-PNG_Color' width='20.0' height='20.0' image='143'/>
    <texture attribute='rightSideTexture' name='Ground026_8K-PNG_Color' width='20.0' height='20.0' scale='3.0' image='143'/>
  </wall>
  <wall id='wall-2148af49-ba3f-4db7-b54d-aab3d6359f89' level='level-f89f32ca-3a0f-466e-a2cf-e29946257472' xStart='1362.9789' yStart='1027.6492' xEnd='1364.8561' yEnd='1242.641' height='235.0' heightAtEnd='50.0' thickness='28.0' pattern='hatchUp'>
    <texture attribute='leftSideTexture' name='planks_brown_10_diff_4k' width='20.0' height='20.0' scale='4.0' image='141'/>
    <texture attribute='rightSideTexture' name='Ground026_8K-PNG_Color' width='20.0' height='20.0' scale='4.0' image='143'/>
  </wall>
  <wall id='wall-23cac0aa-53e2-4d10-b46d-35f220bd098c' level='level-f89f32ca-3a0f-466e-a2cf-e29946257472' xStart='1359.463' yStart='557.1688' xEnd='1359.463' yEnd='342.16882' height='235.0' heightAtEnd='50.0' thickness='28.5' pattern='hatchUp' leftSideShininess='0.25' rightSideShininess='0.25'>
    <texture attribute='leftSideTexture' name='Ground026_8K-PNG_Color' width='20.0' height='20.0' scale='5.0' image='143'/>
    <texture attribute='rightSideTexture' name='planks_brown_10_diff_4k' width='20.0' height='20.0' scale='4.0' image='141'/>
  </wall>
  <wall id='wall-07036721-33a8-4e9c-8832-f3b98efd80d5' level='level-f89f32ca-3a0f-466e-a2cf-e29946257472' wallAtEnd='wall-17d5dde5-a08f-454d-8f3f-6f048f8cb7d0' xStart='1188.3722' yStart='905.1331' xEnd='1188.8257' yEnd='1036.0118' height='234.0' thickness='10.0' pattern='hatchUp'>
    <texture attribute='leftSideTexture' name='Paving stone' creator='eTeks' catalogId='eTeks#pavingStone' width='42.3' height='30.0' scale='5.35' image='145'/>
    <texture attribute='rightSideTexture' name='Rock004' width='300.0' height='295.82504' image='144'/>
  </wall>
  <wall id='wall-17d5dde5-a08f-454d-8f3f-6f048f8cb7d0' level='level-f89f32ca-3a0f-466e-a2cf-e29946257472' wallAtStart='wall-07036721-33a8-4e9c-8832-f3b98efd80d5' wallAtEnd='wall-94eaa43c-10c6-4264-8b24-d2f14fd84372' xStart='1188.8257' yStart='1036.0118' xEnd='1190.0803' yEnd='1095.4111' height='235.0' heightAtEnd='170.0' thickness='10.0' pattern='hatchUp'>
    <texture attribute='leftSideTexture' name='Rock004' width='300.0' height='295.82504' image='144'/>
    <texture attribute='rightSideTexture' name='Rock004' width='300.0' height='295.82504' image='144'/>
  </wall>
  <wall id='wall-097bf687-c45a-41e6-a46a-30573bb2e772' level='level-f89f32ca-3a0f-466e-a2cf-e29946257472' wallAtStart='wall-880234ec-a9fc-4dbf-8478-faaa929b466d' xStart='410.9607' yStart='571.15625' xEnd='446.21313' yEnd='1001.9557' height='240.0' thickness='28.0' pattern='hatchUp'>
    <texture attribute='leftSideTexture' name='wp00748' width='250.0' height='166.66669' scale='2.0' image='146'/>
    <texture attribute='rightSideTexture' name='planks_brown_10_diff_4k' width='20.0' height='20.0' scale='4.0' image='141'/>
  </wall>
  <wall id='wall-26d0f176-0b30-4992-ba88-fd32940e4747' level='level-f89f32ca-3a0f-466e-a2cf-e29946257472' wallAtEnd='wall-955608e8-ec9b-4dec-87b3-eddd94afa53a' xStart='1359.6799' yStart='556.70667' xEnd='1358.5718' yEnd='677.6138' height='235.0' thickness='28.5' pattern='hatchUp' leftSideShininess='0.25' rightSideShininess='0.25'>
    <texture attribute='leftSideTexture' name='planks_brown_10_diff_4k' width='20.0' height='20.0' scale='5.0' image='141'/>
    <texture attribute='rightSideTexture' name='Ground026_8K-PNG_Color' width='20.0' height='20.0' scale='5.0' image='143'/>
  </wall>
  <wall id='wall-955608e8-ec9b-4dec-87b3-eddd94afa53a' level='level-f89f32ca-3a0f-466e-a2cf-e29946257472' wallAtStart='wall-26d0f176-0b30-4992-ba88-fd32940e4747' xStart='1358.5718' yStart='677.6138' xEnd='1363.3027' yEnd='1026.4347' height='235.0' thickness='28.5' pattern='hatchUp'>
    <texture attribute='leftSideTexture' name='planks_brown_10_diff_4k' width='20.0' height='20.0' scale='4.0' image='141'/>
    <texture attribute='rightSideTexture' name='Ground026_8K-PNG_Color' width='20.0' height='20.0' scale='4.0' image='143'/>
  </wall>
  <wall id='wall-2eca6271-2fa2-4df1-bfb1-bc7ca136a26e' level='level-f89f32ca-3a0f-466e-a2cf-e29946257472' wallAtEnd='wall-b82c4789-be9e-47a5-b77a-05c5bfb780a1' xStart='869.313' yStart='880.8681' xEnd='569.3897' yEnd='881.1513' height='385.0' thickness='10.0' pattern='hatchUp' leftSideShininess='0.25' rightSideShininess='0.25'>
    <texture attribute='leftSideTexture' name='Beige tiles' creator='eTeks' width='20.0' height='31.5' scale='5.35' image='105'/>
    <texture attribute='rightSideTexture' name='Ground044_1K-PNG_AmbientOcclusion' width='20.0' height='20.0' scale='5.0' image='142'/>
  </wall>
  <wall id='wall-b82c4789-be9e-47a5-b77a-05c5bfb780a1' level='level-f89f32ca-3a0f-466e-a2cf-e29946257472' wallAtStart='wall-2eca6271-2fa2-4df1-bfb1-bc7ca136a26e' xStart='569.3897' yStart='881.1513' xEnd='448.43274' yEnd='880.8681' height='390.0' heightAtEnd='260.0' thickness='10.0' pattern='hatchUp' leftSideShininess='0.25' rightSideShininess='0.25'>
    <texture attribute='leftSideTexture' name='Beige tiles' creator='eTeks' width='20.0' height='31.5' scale='5.35' image='105'/>
    <texture attribute='rightSideTexture' name='Ground044_1K-PNG_AmbientOcclusion' width='20.0' height='20.0' scale='5.0' image='142'/>
  </wall>
  <wall id='wall-80cf011e-df2c-4320-9375-d891d362e64f' level='level-5327beb9-c506-4236-ab27-906d3b7459f0' wallAtEnd='wall-1943e992-c828-45a6-bebf-50d002c6c031' xStart='1355.4343' yStart='541.7466' xEnd='1357.6887' yEnd='772.4499' height='0.0' heightAtEnd='220.0' thickness='25.0' pattern='hatchUp' rightSideColor='FF7C7C7C'>
    <texture attribute='leftSideTexture' name='planks_brown_10_diff_4k' width='20.0' height='20.0' scale='4.0' image='141'/>
  </wall>
  <wall id='wall-1943e992-c828-45a6-bebf-50d002c6c031' level='level-5327beb9-c506-4236-ab27-906d3b7459f0' wallAtStart='wall-80cf011e-df2c-4320-9375-d891d362e64f' xStart='1357.6887' yStart='772.4499' xEnd='1356.9374' yEnd='1027.2002' height='220.0' heightAtEnd='0.0' thickness='25.0' pattern='hatchUp' rightSideColor='FF7C7C7C'>
    <texture attribute='leftSideTexture' name='planks_brown_10_diff_4k' width='20.0' height='20.0' scale='4.0' image='141'/>
  </wall>
  <room id='room-939c1883-9b67-4852-8367-a9342b337779' level='level-8515d39b-c37d-498f-87d7-d275913d075c' areaVisible='true' ceilingVisible='false' ceilingFlat='true'>
    <point x='389.5331' y='352.63058'/>
    <point x='1343.237' y='355.34943'/>
    <point x='1343.237' y='1228.3193'/>
    <point x='441.23694' y='1228.3193'/>
  </room>
  <room id='room-5f17a47f-4ed3-4d75-8248-d12151ab9e7c' level='level-5327beb9-c506-4236-ab27-906d3b7459f0' areaVisible='true' ceilingVisible='false' ceilingColor='FFFFFFFF' ceilingFlat='true'>
    <texture attribute='floorTexture' name='delu_grida' width='20.0' height='12.3828125' scale='5.0' image='46'/>
    <point x='874.71204' y='1030.1903'/>
    <point x='877.9888' y='885.0356'/>
    <point x='712.62787' y='881.3651'/>
    <point x='708.6989' y='607.78986'/>
    <point x='1356.4581' y='607.78986'/>
    <point x='1356.4581' y='1028.8805'/>
    <point x='1351.4581' y='1028.8805'/>
  </room>
  <room id='room-9d6ec47a-c252-40ec-99d3-6a3123d3bcd9' level='level-f89f32ca-3a0f-466e-a2cf-e29946257472' areaVisible='true' ceilingVisible='false' ceilingFlat='true'>
    <point x='409.0505' y='337.01575'/>
    <point x='1336.562' y='339.7859'/>
    <point x='1347.988' y='1238.121'/>
    <point x='469.9939' y='1236.4044'/>
  </room>
  <room id='room-0422e0d1-d196-42d0-9654-4441cc4a87d3' level='level-f89f32ca-3a0f-466e-a2cf-e29946257472' areaVisible='true' ceilingVisible='false' ceilingFlat='true'>
    <texture attribute='floorTexture' name='flize' width='20.0' height='14.5703125' scale='5.0' image='139'/>
    <point x='1050.9054' y='340.25952'/>
    <point x='1050.9054' y='679.2595'/>
    <point x='1361.9054' y='679.2595'/>
    <point x='1361.9054' y='340.25952'/>
  </room>
  <room id='room-7710ad00-0833-463a-ae4a-c193fe95addb' level='level-f89f32ca-3a0f-466e-a2cf-e29946257472' areaVisible='true' floorShininess='0.25' ceilingVisible='false' ceilingFlat='true'>
    <texture attribute='floorTexture' name='delu_grida' width='20.0' height='12.3828125' scale='10.0' image='46'/>
    <point x='420.62488' y='334.347'/>
    <point x='1055.9272' y='334.347'/>
    <point x='1055.9272' y='678.88745'/>
    <point x='1112.8314' y='683.51025'/>
    <point x='1112.8314' y='800.72925'/>
    <point x='1188.394' y='800.72925'/>
    <point x='1189.9954' y='1090.0386'/>
    <point x='874.0724' y='1090.0386'/>
    <point x='874.0724' y='885.4961'/>
    <point x='451.07245' y='885.4961'/>
  </room>
  <room id='room-c958bb4c-afbf-4ab7-ac41-96129fe9d2a5' level='level-f89f32ca-3a0f-466e-a2cf-e29946257472' areaVisible='true' ceilingVisible='false' ceilingFlat='true'>
    <texture attribute='floorTexture' name='delu_grida' width='20.0' height='12.3828125' scale='4.0' image='46'/>
    <point x='447.6505' y='881.414'/>
    <point x='875.9923' y='881.414'/>
    <point x='871.4834' y='1233.1051'/>
    <point x='467.18896' y='1230.0992'/>
  </room>
  <room id='room-cefd2b01-21f2-4fb3-80ee-be2328b9e65d' level='level-f89f32ca-3a0f-466e-a2cf-e29946257472' areaVisible='true' ceilingVisible='false' ceilingFlat='true'>
    <texture attribute='floorTexture' name='delu_grida' width='20.0' height='12.3828125' scale='4.0' image='46'/>
    <point x='878.90784' y='1101.2557'/>
    <point x='878.90784' y='1231.2557'/>
    <point x='1361.9054' y='1231.2557'/>
    <point x='1361.9054' y='679.2595'/>
    <point x='1107.8097' y='679.2595'/>
    <point x='1107.8097' y='808.1904'/>
    <point x='1193.3722' y='808.1904'/>
    <point x='1193.3722' y='1100.4111'/>
  </room>
</home>